{
  "baseline": {
    "AUROC": 0.6620722135007849,
    "AUPRC": 0.5039831752753992,
    "Brier_Score": 0.22763636637112153,
    "Threshold": 0.25,
    "Confusion_Matrix": [
      [
        65,
        180
      ],
      [
        20,
        110
      ]
    ],
    "Sensitivity": 0.8461538461538461,
    "Specificity": 0.2653061224489796,
    "Precision": 0.3793103448275862,
    "NPV": 0.7647058823529411
  },
  "xgboost": {
    "AUROC": 0.6077551020408162,
    "AUPRC": 0.4327092746657968,
    "Brier_Score": 0.2529586120089123,
    "Threshold": 0.25,
    "Confusion_Matrix": [
      [
        117,
        128
      ],
      [
        45,
        85
      ]
    ],
    "Sensitivity": 0.6538461538461539,
    "Specificity": 0.4775510204081633,
    "Precision": 0.39906103286384975,
    "NPV": 0.7222222222222222
  },
  "calibrated": {
    "AUROC": 0.6449293563579277,
    "AUPRC": 0.4789233563468282,
    "Brier_Score": 0.21256926145089794,
    "Threshold": 0.25,
    "Confusion_Matrix": [
      [
        75,
        170
      ],
      [
        20,
        110
      ]
    ],
    "Sensitivity": 0.8461538461538461,
    "Specificity": 0.30612244897959184,
    "Precision": 0.39285714285714285,
    "NPV": 0.7894736842105263
  }
}